{"cameraMode":{"drawMode":0,"name":"Shaded","section":"Shading Mode"},"sceneLighting":false,"audioPlay":false,"sceneViewState":{"m_AlwaysRefresh":false,"showFog":true,"showSkybox":false,"showFlares":true,"showImageEffects":true,"showParticleSystems":true,"showVisualEffectGraphs":true,"m_FxEnabled":true},"in2DMode":false,"pivot":{"x":6.297089099884033,"y":0.3419508934020996,"z":-53.753509521484378},"rotation":{"x":0.10722865164279938,"y":0.7851251363754273,"z":-0.14190173149108888,"w":0.5932725667953491},"size":10.286589622497559,"orthographic":false}