{"cameraMode":{"drawMode":0,"name":"Shaded","section":"Shading Mode"},"sceneLighting":true,"audioPlay":false,"sceneViewState":{"m_AlwaysRefresh":false,"showFog":true,"showSkybox":true,"showFlares":true,"showImageEffects":true,"showParticleSystems":true,"showVisualEffectGraphs":true,"m_FxEnabled":true},"in2DMode":false,"pivot":{"x":0.5532190203666687,"y":1.5615795850753785,"z":-121.40116119384766},"rotation":{"x":-0.005854000803083181,"y":-0.9764832258224487,"z":0.21396374702453614,"w":-0.026672890409827234},"size":2.4494898319244386,"orthographic":false}